<?xml version="1.0" encoding="UTF-8"?>

<mule xmlns:ee="http://www.mulesoft.org/schema/mule/ee/core" xmlns:wsc="http://www.mulesoft.org/schema/mule/wsc"
	xmlns="http://www.mulesoft.org/schema/mule/core"
	xmlns:doc="http://www.mulesoft.org/schema/mule/documentation" xmlns:xsi="http://www.w3.org/2001/XMLSchema-instance" xsi:schemaLocation="http://www.mulesoft.org/schema/mule/core http://www.mulesoft.org/schema/mule/core/current/mule.xsd
http://www.mulesoft.org/schema/mule/wsc http://www.mulesoft.org/schema/mule/wsc/current/mule-wsc.xsd
http://www.mulesoft.org/schema/mule/ee/core http://www.mulesoft.org/schema/mule/ee/core/current/mule-ee.xsd">
	<flow name="allggget" doc:id="efc87b51-7efc-4f36-b332-4c90b6ac090d" >
		<wsc:consume doc:name="Consume" doc:id="3be6381b-511e-49c1-b4bc-09949ab0b05c" config-ref="Web_Service_Consumer_Config" operation="GetAllUsers"/>
		<ee:transform doc:name="Transform Message" doc:id="7e060af3-d1ec-4b66-a8f1-b0ab742cbea3" >
			<ee:message >
				<ee:set-payload ><![CDATA[%dw 2.0
output application/json
---
payload.body.GetAllUsersResponse]]></ee:set-payload>
			</ee:message>
		</ee:transform>
	</flow>
	<flow name="sourceFlow" doc:id="de439761-05e7-43b7-bc50-e4163460617f" >
		<wsc:consume doc:name="Consume" doc:id="ec1541d2-8b5f-4d77-8a91-182ec5508e22" config-ref="Web_Service_Consumer_Config" operation="GetAllUsers"/>
		<ee:transform doc:name="Transform Message" doc:id="40c4dd09-da5e-41ab-93e0-ff50478e3a36" >
			<ee:message >
				<ee:set-payload ><![CDATA[%dw 2.0
output application/json
---


	id:attributes.queryParams.'id'

]]></ee:set-payload>
			</ee:message>
		</ee:transform>
	</flow>
</mule>
